orden,atributo_es,atributo_en,descripcion,articulo_fuente
1,Fragancia/aroma,Fragrance/Aroma,En seco (antes de la infusión) y en húmedo (después); primer indicio del perfil del café,https://www.emcebar.org.mx/que-es-el-cupping-cata-de-cafe-guia-completa-para-que-sirve-y-por-que-es-tan-importante/
2,Sabor,Flavor,"El atributo más complejo: frutas, chocolate, especias, nueces y decenas de matices posibles",https://www.emcebar.org.mx/que-es-el-cupping-cata-de-cafe-guia-completa-para-que-sirve-y-por-que-es-tan-importante/
3,Retrogusto,Aftertaste,"Sensación que persiste después de tragar; puede ser dulce, amarga, agradable o no, y durar segundos o minutos",https://www.emcebar.org.mx/que-es-el-cupping-cata-de-cafe-guia-completa-para-que-sirve-y-por-que-es-tan-importante/
4,Acidez,Acidity,Sensación de viveza y frescura (no es acidez estomacal); brillante y cítrica o suave y dulce según el origen,https://www.emcebar.org.mx/que-es-el-cupping-cata-de-cafe-guia-completa-para-que-sirve-y-por-que-es-tan-importante/
5,Cuerpo,Body,"Peso y viscosidad en boca, de ligero a untuoso, influido por los aceites y sólidos disueltos",https://www.emcebar.org.mx/que-es-el-cupping-cata-de-cafe-guia-completa-para-que-sirve-y-por-que-es-tan-importante/
6,Equilibrio,Balance,Ningún atributo domina de forma desproporcionada sobre los demás,https://www.emcebar.org.mx/que-es-el-cupping-cata-de-cafe-guia-completa-para-que-sirve-y-por-que-es-tan-importante/
7,Uniformidad,Uniformity,Todas las tazas del mismo lote saben igual entre sí,https://www.emcebar.org.mx/que-es-el-cupping-cata-de-cafe-guia-completa-para-que-sirve-y-por-que-es-tan-importante/
8,Limpieza de taza,Clean Cup,Ausencia de sabores extraños o defectos perceptibles,https://www.emcebar.org.mx/que-es-el-cupping-cata-de-cafe-guia-completa-para-que-sirve-y-por-que-es-tan-importante/
9,Dulzura,Sweetness,Presencia de dulzor natural sin azúcar añadida,https://www.emcebar.org.mx/que-es-el-cupping-cata-de-cafe-guia-completa-para-que-sirve-y-por-que-es-tan-importante/
10,Puntaje general,Overall,Impresión holística del catador; junto a los otros nueve suma el puntaje final sobre 100,https://www.emcebar.org.mx/que-es-el-cupping-cata-de-cafe-guia-completa-para-que-sirve-y-por-que-es-tan-importante/
