comparacion_id,criterio,valor_tipo_a,valor_tipo_b,tipo_a,tipo_b,articulo_fuente
especialidad_vs_comercial,puntuacion_sca,"80-100/100, evaluado por Q Grader","No evaluado bajo este estandar",cafe_especialidad,cafe_comercial,https://www.emcebar.org.mx/cafe-de-especialidad-vs-cafe-comercial-diferencias-reales-en-sabor-precio-y-proceso/
especialidad_vs_comercial,grano,"Arabica, seleccionado a mano","Mezcla Arabica/Robusta, mecanizado",cafe_especialidad,cafe_comercial,https://www.emcebar.org.mx/cafe-de-especialidad-vs-cafe-comercial-diferencias-reales-en-sabor-precio-y-proceso/
especialidad_vs_comercial,cosecha,"Manual, solo cerezas maduras","Mecanizada, a gran velocidad",cafe_especialidad,cafe_comercial,https://www.emcebar.org.mx/cafe-de-especialidad-vs-cafe-comercial-diferencias-reales-en-sabor-precio-y-proceso/
especialidad_vs_comercial,tueste,"Artesanal, personalizado por lote","Uniforme, a menudo oscuro",cafe_especialidad,cafe_comercial,https://www.emcebar.org.mx/cafe-de-especialidad-vs-cafe-comercial-diferencias-reales-en-sabor-precio-y-proceso/
especialidad_vs_comercial,trazabilidad,"Origen, finca y proceso conocidos","Mezcla anonima de origenes",cafe_especialidad,cafe_comercial,https://www.emcebar.org.mx/cafe-de-especialidad-vs-cafe-comercial-diferencias-reales-en-sabor-precio-y-proceso/
especialidad_vs_comercial,precio_grano,"3x-5x mas que comercial","Precio accesible, referencia de mercado",cafe_especialidad,cafe_comercial,https://www.emcebar.org.mx/cafe-de-especialidad-vs-cafe-comercial-diferencias-reales-en-sabor-precio-y-proceso/
especialidad_vs_comercial,sabor,"Complejo, notas distintivas por origen","Consistente pero plano",cafe_especialidad,cafe_comercial,https://www.emcebar.org.mx/cafe-de-especialidad-vs-cafe-comercial-diferencias-reales-en-sabor-precio-y-proceso/
especialidad_vs_comercial,habilidad_barista_requerida,Alta,Menor,cafe_especialidad,cafe_comercial,https://www.emcebar.org.mx/cafe-de-especialidad-vs-cafe-comercial-diferencias-reales-en-sabor-precio-y-proceso/
especialidad_vs_comercial,mejor_uso_negocio,"Diferenciacion, ticket alto","Volumen, ticket bajo",cafe_especialidad,cafe_comercial,https://www.emcebar.org.mx/cafe-de-especialidad-vs-cafe-comercial-diferencias-reales-en-sabor-precio-y-proceso/
