parametro,valor,unidad,descripcion,fuente
relacion_cafe_agua,8.25,g de café por 150 ml de agua,Cantidad de café molido por taza; la misma cantidad exacta en todas las tazas,"Protocolo SCA; Green Coffee Collective, 2026"
volumen_agua,150,ml por taza,Agua vertida hasta cubrir cada taza al mismo nivel,"Protocolo SCA; Green Coffee Collective, 2026"
temperatura_agua,93,°C,Controlada con termómetro,"Protocolo SCA; Green Coffee Collective, 2026"
molienda,gruesa,,Textura uniforme tipo arena gruesa; se muele justo antes de catar,"Protocolo SCA; Green Coffee Collective, 2026"
tueste_recomendado,claro a medio,,Para que se note el carácter propio del café y no el del tueste,Artículo EMCEBAR (oct. 2026)
tiempo_infusion,4,minutos,Durante este tiempo se forma una costra en la superficie,"Protocolo SCA; Green Coffee Collective, 2026"
ruptura_costra,4,minutos (momento),Se rompe con una cuchara pasados los 4 minutos; libera los aromas (fragancia húmeda),Artículo EMCEBAR (oct. 2026)
temperatura_evaluacion,71,°C,El café se enfría a esta temperatura antes de degustar,"ForoCafé, SCA Cupping Protocol"
tecnica_degustacion,sorbido (slurping),,Airea el líquido y lo distribuye por toda la boca,"ForoCafé, SCA Cupping Protocol"
capacidad_taza,200-250,ml,Cerámica o vidrio; tazas idénticas para garantizar condiciones uniformes,Artículo EMCEBAR (oct. 2026)
duracion_ronda,15-20,minutos (aprox.),Infusión y evaluación por ronda de muestras,Artículo EMCEBAR (oct. 2026)
umbral_cafe_especialidad,80,puntos de 100,Puntaje mínimo SCA para considerar un café como de especialidad,SCA
